product_price,customer_purchase_history,review_rating,delivery_time_days,discount_percentage,previous_returns,days_since_purchase,returned,product_category,size_ordered
136,30,1.4,10,0,0,18,1,Beauty,S
108,0,1.0,8,0,0,1,0,Clothing,L
79,0,2.9,6,32,0,1,0,Beauty,L
145,39,2.8,7,18,0,10,1,Beauty,M
76,32,2.8,11,37,0,5,1,Clothing,XS
168,40,4.5,6,66,0,15,1,Beauty,L
44,0,1.8,4,23,0,1,0,Home_Decor,L
146,23,1.0,10,0,0,1,0,Clothing,S
147,0,3.4,3,3,4,10,1,Beauty,XL
87,24,3.7,10,40,0,7,1,Home_Decor,S
10,52,1.0,5,1,0,1,1,Home_Decor,L
149,28,1.0,3,0,0,1,0,Sports,XL
103,19,3.9,11,57,0,17,1,Home_Decor,L
10,2,1.0,9,0,0,1,1,Electronics,S
118,75,2.4,10,20,2,19,1,Clothing,M
54,4,1.0,9,0,0,1,0,Clothing,XL
10,0,1.7,7,47,0,1,0,Clothing,S
121,0,4.5,3,27,0,14,1,Beauty,L
10,0,4.5,4,26,0,5,0,Beauty,NA
114,0,1.0,4,0,12,1,0,Electronics,NA
116,0,3.3,11,28,0,12,0,Home_Decor,M
143,0,2.4,3,0,0,1,0,Beauty,XL
91,0,1.0,4,0,0,1,0,Home_Decor,NA
62,11,2.5,3,0,0,1,0,Home_Decor,M
79,0,3.7,10,17,0,21,0,Beauty,S
194,36,4.5,4,80,1,30,1,Beauty,S
10,23,1.0,12,23,0,1,1,Electronics,S
53,36,2.4,12,70,0,1,1,Sports,XL
31,0,1.5,11,27,0,1,0,Clothing,L
42,0,2.8,11,46,0,1,0,Beauty,XL
175,17,2.1,4,0,7,18,1,Beauty,XL
190,71,1.6,11,0,1,30,0,Home_Decor,L
68,0,2.8,8,64,0,1,0,Sports,L
145,0,1.0,11,15,2,1,0,Beauty,XS
55,5,2.3,6,44,5,1,0,Sports,XL
43,0,1.0,9,19,0,1,1,Clothing,M
10,5,3.1,3,27,0,1,0,Home_Decor,L
10,38,1.9,11,27,0,1,1,Electronics,XS
10,43,3.9,11,71,0,4,1,Clothing,XL
34,58,1.0,12,43,0,1,1,Sports,XL
10,21,1.0,15,66,0,8,0,Sports,M
196,0,1.0,7,0,3,2,1,Clothing,L
80,4,1.9,3,21,0,1,0,Sports,L
10,59,3.6,4,50,0,1,0,Electronics,S
94,77,1.5,12,22,1,15,1,Electronics,S
50,8,1.0,13,73,1,1,0,Sports,L
49,0,1.8,6,22,0,1,0,Sports,S
95,0,1.0,3,0,0,1,0,Electronics,M
13,43,1.0,15,61,0,1,1,Sports,M
10,29,1.0,6,27,0,1,1,Beauty,M
10,0,4.5,3,21,0,1,0,Home_Decor,S
127,0,2.3,8,37,0,1,0,Beauty,M
69,2,1.0,5,0,0,1,0,Sports,M
30,0,1.0,3,21,4,1,1,Sports,M
99,0,4.3,3,30,0,1,0,Home_Decor,L
189,0,2.0,4,0,4,16,1,Sports,XXL
145,31,2.7,3,23,1,1,1,Home_Decor,S
15,12,2.8,5,24,0,1,0,Electronics,XL
102,72,3.9,3,38,1,4,1,Home_Decor,S
10,14,1.5,11,78,0,1,0,Home_Decor,L
28,0,4.5,5,12,0,9,0,Beauty,M
51,0,2.3,3,0,0,1,1,Sports,L
187,0,4.5,9,31,0,25,0,Electronics,L
25,13,2.2,10,57,0,1,0,Clothing,M
10,0,4.5,4,48,0,14,0,Home_Decor,M
19,24,2.0,14,74,0,1,0,Clothing,XL
150,0,1.6,3,0,0,1,0,Sports,S
47,65,4.5,10,80,0,21,1,Home_Decor,S
99,24,2.0,3,80,0,1,1,Clothing,XS
52,55,1.0,15,36,0,1,1,Beauty,S
105,50,1.0,11,19,8,1,0,Clothing,M
180,0,1.6,3,0,8,14,1,Beauty,M
117,40,2.9,3,38,7,1,1,Electronics,S
50,46,1.0,10,4,5,1,0,Sports,XS
10,0,4.5,4,51,0,15,0,Clothing,L
111,38,2.2,6,11,2,9,1,Home_Decor,XL
102,0,1.0,6,0,0,1,1,Sports,NA
10,0,4.5,3,42,0,7,0,Clothing,XL
263,0,2.8,3,0,4,26,1,Home_Decor,XL
10,12,2.9,9,69,0,1,0,Home_Decor,XL
74,28,1.7,11,43,0,1,1,Home_Decor,L
112,0,2.5,3,0,0,1,0,Home_Decor,S
35,0,3.9,6,21,0,1,0,Clothing,L
67,29,4.4,9,80,0,7,0,Electronics,XS
266,0,2.0,3,0,7,20,1,Beauty,XL
10,0,4.5,4,36,0,13,0,Beauty,M
10,0,2.6,11,42,0,1,0,Beauty,L
244,0,4.5,9,50,0,24,1,Electronics,XS
216,12,1.0,6,0,1,8,1,Home_Decor,M
72,23,1.3,15,78,0,1,0,Home_Decor,M
42,0,1.8,3,0,0,1,0,Sports,S
61,0,1.0,10,14,0,1,0,Beauty,M
146,27,2.9,6,0,7,30,1,Beauty,XS
94,13,3.8,4,18,0,1,1,Home_Decor,M
174,11,1.0,13,0,7,30,1,Beauty,M
72,27,3.6,3,30,0,1,1,Home_Decor,XL
69,0,4.5,3,0,0,7,0,Home_Decor,M
10,0,1.0,10,50,0,1,0,Home_Decor,M
10,6,1.0,11,5,0,1,0,Clothing,NA
162,0,1.2,3,0,0,1,0,Clothing,L
25,0,3.8,15,74,0,2,0,Clothing,M
87,10,1.8,15,75,0,2,0,Clothing,M
63,0,2.2,5,4,0,1,0,Electronics,XL
112,14,1.8,5,0,0,1,0,Sports,M
108,0,3.2,11,29,0,15,0,Sports,M
175,0,3.0,3,0,5,3,1,Home_Decor,XL
95,2,1.0,12,29,0,1,1,Beauty,XS
68,19,4.0,12,53,0,14,1,Clothing,XL
68,0,1.0,14,29,0,1,0,Sports,M
10,5,1.0,4,0,0,1,1,Sports,L
69,0,2.5,9,50,0,1,0,Clothing,XL
153,1,1.7,5,9,4,4,0,Electronics,S
232,0,2.4,8,0,10,30,1,Electronics,XL
56,4,1.3,10,0,0,7,0,Sports,XXL
149,18,1.5,6,0,3,8,1,Electronics,M
234,0,4.5,3,0,2,30,1,Clothing,XL
89,2,1.0,4,0,0,1,0,Sports,XS
10,0,4.5,3,29,0,7,0,Clothing,XL
50,0,2.8,15,75,0,1,0,Electronics,M
80,10,1.2,3,8,0,1,0,Clothing,M
144,26,1.4,5,29,2,1,1,Electronics,S
142,44,4.5,3,0,0,25,1,Electronics,M
170,35,3.3,3,0,7,27,1,Clothing,S
157,12,2.0,4,0,6,14,1,Electronics,XL
119,39,1.3,9,0,4,12,1,Home_Decor,XL
10,25,2.6,10,67,0,1,0,Clothing,S
10,0,4.5,3,0,0,1,0,Home_Decor,S
44,35,4.5,3,46,0,9,1,Clothing,XL
10,0,3.1,3,20,0,1,0,Electronics,M
41,0,2.8,13,48,0,1,0,Electronics,S
77,0,1.0,10,13,1,1,0,Sports,M
222,40,2.9,6,0,0,30,1,Sports,M
10,0,1.7,11,53,0,1,0,Home_Decor,S
68,0,2.9,12,51,0,3,0,Electronics,L
67,48,1.6,12,51,0,1,0,Sports,L
10,0,1.9,3,31,0,1,0,Electronics,XS
10,0,4.5,10,8,0,22,0,Clothing,XL
10,7,3.7,8,10,0,13,0,Sports,L
26,0,1.2,15,32,0,9,1,Home_Decor,S
10,22,2.4,7,62,0,1,0,Sports,S
208,55,1.0,3,0,6,1,0,Electronics,S
22,39,4.5,9,80,0,13,1,Beauty,M
51,4,2.8,4,0,0,1,0,Beauty,S
82,0,1.0,12,9,0,1,0,Electronics,M
10,10,4.0,4,50,2,1,1,Clothing,S
65,0,1.8,7,6,0,1,0,Sports,L
10,80,2.5,5,37,0,1,1,Beauty,XL
156,61,3.1,3,33,0,3,1,Clothing,M
55,0,4.3,3,63,1,1,0,Electronics,L
129,35,4.5,3,0,7,30,1,Clothing,XL
33,26,1.0,4,0,0,1,0,Electronics,L
117,0,1.7,6,24,6,3,1,Sports,M
15,0,1.7,12,44,0,1,0,Clothing,M
10,20,2.1,6,0,0,1,1,Sports,XL
76,0,2.6,9,32,0,1,0,Clothing,S
92,66,4.5,4,0,10,30,1,Electronics,M
10,0,2.5,3,0,0,1,0,Electronics,L
44,71,2.9,5,40,0,1,1,Clothing,L
90,0,2.4,12,3,0,7,0,Electronics,XL
134,46,3.0,11,51,0,6,1,Home_Decor,M
10,62,1.0,4,10,0,1,1,Home_Decor,S
83,20,3.5,4,15,0,5,0,Sports,XXL
10,0,4.5,3,49,0,3,0,Home_Decor,XS
166,46,4.5,3,0,0,30,1,Home_Decor,XS
128,4,1.0,4,3,0,1,0,Beauty,M
20,0,1.0,15,0,0,1,1,Beauty,XL
10,7,4.2,10,37,0,17,0,Beauty,XL
10,5,3.2,5,42,0,1,0,Beauty,XL
72,0,4.5,7,40,0,13,1,Electronics,S
10,22,1.0,10,0,0,1,0,Sports,M
86,0,3.9,3,9,0,5,0,Sports,S
10,0,2.7,4,16,0,1,0,Home_Decor,XL
10,12,4.1,9,7,0,20,0,Sports,M
10,0,1.0,11,30,0,1,0,Home_Decor,XS
10,0,4.5,6,41,0,9,0,Sports,L
148,32,4.5,3,10,0,7,1,Clothing,M
16,30,1.0,9,70,3,1,0,Clothing,M
134,0,1.0,5,47,7,1,1,Sports,XL
56,0,4.3,5,0,0,12,0,Electronics,S
203,90,1.2,11,34,0,1,1,Home_Decor,S
66,16,1.0,12,56,3,1,0,Sports,S
231,0,4.5,13,29,0,30,0,Home_Decor,M
25,5,3.4,3,32,0,1,0,Beauty,S
10,34,1.5,11,31,0,1,0,Sports,L
10,5,2.9,8,0,0,7,0,Electronics,S
176,57,4.5,3,0,0,24,1,Beauty,XL
109,52,3.8,3,31,3,7,1,Sports,S
192,0,2.4,3,0,3,8,1,Clothing,S
10,14,1.5,12,37,0,1,1,Sports,S
10,36,1.0,15,40,0,1,1,Clothing,XL
10,0,4.5,3,61,0,1,0,Clothing,M
10,29,3.8,6,36,0,1,0,Sports,XL
111,45,4.3,7,80,6,13,1,Sports,XL
93,61,4.5,6,80,0,16,1,Clothing,XL
112,0,3.3,4,10,3,9,1,Home_Decor,XL
46,45,1.0,14,45,0,1,0,Beauty,XS
72,0,2.7,3,3,0,1,1,Electronics,XL
115,24,1.0,8,0,0,3,0,Sports,XL
10,6,1.0,10,49,0,1,0,Beauty,NA
104,0,2.0,8,59,3,1,0,Beauty,S
147,11,3.2,3,0,3,16,1,Home_Decor,L
10,82,1.0,15,72,0,1,1,Beauty,S
140,0,2.5,12,59,0,11,0,Sports,S
10,25,1.0,8,42,0,1,0,Beauty,L
139,63,3.5,7,0,4,30,1,Sports,XXL
10,54,1.0,15,49,0,1,1,Sports,L
55,0,3.5,3,0,0,1,0,Clothing,XL
161,4,2.4,6,0,5,29,1,Home_Decor,XS
10,0,4.3,3,61,0,1,0,Electronics,XS
76,66,2.2,12,0,4,30,1,Clothing,L
169,0,2.3,4,0,1,10,0,Electronics,M
77,0,2.9,10,7,0,5,0,Sports,XL
12,21,2.5,10,61,0,1,0,Clothing,M
21,0,4.5,8,59,0,7,0,Beauty,M
10,0,4.5,7,40,0,9,0,Beauty,M
162,0,1.4,3,0,0,1,0,Electronics,S
10,0,4.2,3,10,0,1,0,Sports,XL
10,0,4.5,3,19,0,8,0,Electronics,M
10,0,1.1,8,54,0,1,0,Home_Decor,M
82,0,3.6,13,53,0,7,0,Beauty,XL
124,32,4.0,5,0,4,30,1,Clothing,M
172,4,1.3,7,0,6,15,1,Clothing,XL
52,25,1.0,11,35,0,1,1,Clothing,S
65,0,2.5,6,0,0,4,0,Beauty,S
129,0,1.0,4,6,10,1,1,Sports,XXL
10,67,1.0,15,59,3,1,1,Beauty,XL
29,20,1.0,10,31,0,1,0,Beauty,M
39,0,4.5,6,0,0,28,0,Clothing,L
10,0,1.0,11,10,0,1,1,Beauty,XL
171,0,3.1,11,35,0,18,0,Clothing,S
126,0,4.3,9,27,0,13,0,Sports,XS
121,33,3.1,5,0,5,25,1,Home_Decor,M
23,100,4.2,3,80,6,1,1,Clothing,S
109,0,1.0,4,15,8,1,0,Electronics,S
72,0,4.5,3,19,0,1,0,Home_Decor,XL
117,62,3.1,3,16,7,9,1,Sports,XS
240,2,2.3,7,0,0,27,1,Home_Decor,XL
135,0,1.5,7,0,0,5,0,Clothing,M
84,65,3.5,7,80,0,2,1,Sports,L
206,0,1.0,5,15,8,1,1,Electronics,L
121,10,3.4,11,64,0,16,0,Clothing,M
90,0,1.1,3,0,0,1,1,Clothing,S
15,0,4.5,4,2,0,13,0,Sports,S
123,0,1.0,3,0,0,1,0,Sports,XL
252,0,1.0,10,0,6,22,0,Home_Decor,S
72,6,1.0,15,58,0,1,0,Electronics,XS
234,0,3.2,3,0,5,18,1,Home_Decor,XXL
69,3,3.5,3,13,0,1,0,Home_Decor,NA
31,0,1.0,11,0,0,1,0,Clothing,M
155,17,2.8,3,9,0,1,1,Sports,XS
171,0,3.1,12,50,0,15,0,Clothing,L
162,35,4.5,3,3,1,15,1,Electronics,XL
172,0,2.8,9,37,0,8,0,Home_Decor,S
90,0,2.7,10,13,0,5,0,Electronics,S
51,42,3.8,8,71,0,6,1,Sports,XL
203,0,2.1,3,0,0,1,0,Sports,XL
77,0,3.6,9,52,0,5,0,Beauty,XL
118,48,1.0,10,0,0,1,1,Electronics,S
10,6,4.2,7,46,0,1,0,Clothing,M
143,33,2.0,3,22,6,1,1,Electronics,L
157,41,1.8,10,0,2,21,1,Home_Decor,S
10,0,1.0,9,0,0,1,1,Sports,S
30,12,1.1,5,34,3,1,0,Sports,S
10,0,4.5,8,24,0,20,0,Electronics,M
202,30,3.9,3,35,1,4,1,Electronics,M
10,10,1.0,9,54,1,1,0,Electronics,XL
141,0,2.7,9,40,2,11,0,Home_Decor,XL
89,0,1.0,13,7,0,1,0,Home_Decor,XL
19,33,1.0,8,35,1,1,1,Clothing,XL
10,0,4.5,3,48,0,6,0,Electronics,S
10,10,1.1,7,0,0,1,1,Clothing,M
18,0,3.8,9,68,0,1,0,Beauty,M
44,0,3.2,10,59,0,1,0,Home_Decor,XS
19,43,1.0,8,21,0,1,1,Sports,XL
73,69,1.0,13,0,7,25,0,Beauty,XS
109,0,3.5,7,30,0,10,0,Sports,M
40,1,2.3,9,41,0,1,1,Beauty,L
98,2,2.2,9,23,2,10,0,Clothing,M
39,70,1.1,15,80,3,1,1,Clothing,L
10,11,1.0,10,0,0,1,1,Home_Decor,M
23,0,3.5,5,26,0,1,0,Sports,S
10,13,3.7,4,54,1,1,0,Beauty,S
193,0,3.7,15,80,0,23,0,Electronics,XL
59,10,3.1,7,44,0,1,0,Electronics,S
79,8,1.0,9,20,0,1,1,Home_Decor,S
106,100,4.5,3,0,0,24,1,Sports,M
79,44,2.5,6,44,0,1,1,Electronics,S
10,73,3.4,3,44,0,1,1,Home_Decor,M
10,0,3.7,9,43,0,1,0,Home_Decor,L
66,10,1.0,3,33,4,1,0,Sports,XL
12,0,2.0,7,43,0,1,0,Electronics,L
72,0,1.8,4,13,4,1,0,Electronics,S
127,74,1.5,10,1,2,17,1,Electronics,M
53,28,3.5,7,30,0,1,1,Clothing,XS
10,15,4.2,3,61,1,1,0,Electronics,XS
35,0,2.6,11,35,0,1,0,Beauty,M
24,0,2.5,8,27,0,1,0,Clothing,S
10,0,4.5,3,19,0,5,0,Clothing,L
15,0,4.1,3,20,0,1,0,Clothing,L
268,0,1.0,9,11,0,1,1,Clothing,XL
10,78,2.3,3,60,0,1,1,Home_Decor,XL
14,6,1.0,12,51,0,1,1,Beauty,XS
155,16,1.0,8,0,1,1,0,Sports,M
213,0,4.4,3,0,0,27,1,Electronics,S
139,16,2.3,5,25,6,7,1,Clothing,M
100,38,2.6,11,58,0,4,1,Sports,S
175,60,1.4,15,38,0,8,1,Home_Decor,XS
130,58,3.4,5,0,0,24,1,Sports,M
181,1,1.4,4,0,6,13,1,Clothing,L
10,0,1.0,3,0,4,1,1,Beauty,L
106,31,1.0,3,2,0,1,0,Sports,M
10,0,4.3,3,0,0,1,0,Clothing,M
155,0,1.0,3,7,1,1,1,Clothing,M
10,26,1.0,15,38,0,1,1,Electronics,L
95,10,2.9,6,7,9,23,1,Electronics,XS
34,0,1.8,12,54,0,1,0,Beauty,L
10,50,1.0,7,2,0,1,1,Electronics,L
122,0,1.1,3,0,0,1,0,Beauty,S
10,0,1.0,9,14,0,1,0,Home_Decor,XS
10,16,1.0,4,12,5,1,0,Home_Decor,S
10,0,1.9,9,36,0,1,0,Electronics,M
76,4,1.7,12,69,0,1,0,Home_Decor,XL
101,0,1.0,15,29,0,1,0,Sports,M
111,22,1.0,8,0,3,1,0,Sports,M
144,100,4.5,3,80,7,1,1,Sports,XL
113,0,4.0,4,0,0,11,0,Home_Decor,S
57,39,2.1,9,58,0,1,1,Sports,S
168,28,2.9,7,0,0,27,0,Beauty,M
10,0,4.5,3,0,0,1,0,Clothing,L
113,9,1.0,5,0,1,1,0,Electronics,L
10,68,2.2,6,65,3,1,1,Beauty,M
10,32,2.0,6,58,2,1,1,Sports,XXL
29,0,1.0,10,29,0,1,0,Clothing,L
81,46,3.4,3,32,4,2,1,Electronics,XS
10,0,4.5,4,38,0,22,0,Beauty,L
149,0,1.2,9,0,0,14,0,Electronics,XS
114,29,1.5,5,14,8,7,1,Home_Decor,L
10,36,2.2,15,78,0,1,1,Sports,S
21,0,4.5,3,6,0,1,0,Beauty,L
112,44,2.5,5,16,4,10,1,Beauty,M
104,0,1.0,13,54,4,1,0,Clothing,XL
50,39,1.9,12,80,0,1,0,Clothing,M
57,0,2.2,7,73,4,1,0,Clothing,L
10,43,2.5,9,68,0,1,0,Electronics,S
78,0,1.0,11,54,7,1,0,Sports,XL
96,6,1.0,3,13,0,1,0,Electronics,XL
137,5,1.0,6,17,7,2,1,Sports,S
14,0,1.2,10,53,0,1,0,Beauty,XL
54,55,1.0,15,60,0,1,1,Electronics,M
10,2,2.0,3,0,0,1,0,Electronics,L
205,0,4.1,3,0,0,26,1,Electronics,L
87,55,4.5,3,5,5,25,1,Home_Decor,XS
10,40,2.9,11,73,0,1,0,Sports,XXL
116,0,4.3,9,24,0,19,0,Sports,M
199,54,1.9,7,14,0,1,1,Electronics,S
10,0,4.5,3,30,0,1,0,Home_Decor,XL
40,0,4.5,3,15,0,1,0,Electronics,L
12,6,1.0,11,42,0,1,0,Sports,XS
152,46,1.0,5,21,6,1,0,Beauty,S
96,0,2.0,7,60,5,1,0,Home_Decor,L
65,10,3.0,14,80,0,1,0,Home_Decor,XS
47,6,1.0,3,0,0,1,0,Electronics,XL
50,0,1.0,11,36,0,1,0,Beauty,L
69,19,1.0,15,46,0,1,1,Sports,M
10,0,1.2,9,0,0,1,0,Clothing,M
63,97,4.5,3,26,0,16,1,Sports,M
92,8,1.0,5,0,0,1,0,Sports,M
10,4,2.8,3,26,0,1,0,Beauty,XL
189,39,1.0,3,0,0,1,0,Home_Decor,XXL
145,0,3.2,6,47,3,8,1,Sports,L
10,37,1.4,8,72,6,1,1,Home_Decor,M
77,14,2.2,13,72,0,1,0,Beauty,S
135,0,2.9,14,44,0,11,0,Beauty,L
160,9,3.4,8,47,0,7,1,Electronics,L
45,0,4.3,6,5,0,13,0,Clothing,L
10,0,1.7,4,12,0,1,0,Beauty,XS
89,0,1.0,11,18,0,1,0,Beauty,XL
132,47,3.4,3,23,5,14,1,Home_Decor,M
10,45,3.5,7,61,0,1,1,Beauty,L
98,0,2.9,3,0,0,1,0,Sports,XL
99,0,1.0,12,41,2,1,0,Electronics,L
10,0,4.5,3,25,0,4,0,Electronics,M
96,0,2.1,10,18,0,6,0,Sports,L
11,1,4.5,4,66,1,6,0,Beauty,XS
10,6,1.7,5,0,0,1,0,Clothing,XL
10,4,3.7,4,0,0,1,0,Beauty,XS
47,3,3.4,13,48,0,13,1,Electronics,M
187,53,1.0,15,0,0,19,1,Clothing,S
157,0,1.4,11,41,2,7,0,Home_Decor,XL
125,0,3.0,7,30,5,14,0,Home_Decor,L
217,0,3.7,3,0,3,11,1,Beauty,L
55,0,1.8,12,54,0,1,0,Beauty,L
117,94,3.0,9,18,0,18,1,Clothing,XL
101,7,1.0,6,0,0,1,0,Clothing,S
123,51,4.4,3,0,4,27,1,Beauty,L
149,24,4.4,3,1,5,18,1,Electronics,L
200,45,1.7,8,38,0,1,1,Home_Decor,XS
10,50,1.0,14,54,0,1,1,Clothing,S
10,57,1.0,15,80,0,1,0,Electronics,S
66,0,2.0,12,25,0,1,0,Beauty,XS
154,100,4.5,3,0,0,30,1,Sports,M
28,76,4.4,5,0,9,30,1,Clothing,XS
10,31,2.1,8,17,1,1,0,Sports,L
115,43,4.5,3,0,2,21,1,Electronics,S
10,0,4.5,3,53,0,13,0,Home_Decor,S
158,0,1.0,4,0,0,1,0,Electronics,XL
10,68,4.4,7,80,4,1,1,Home_Decor,M
70,15,3.3,3,22,0,1,1,Electronics,S
104,0,1.0,11,49,2,1,0,Clothing,L
10,0,4.2,7,0,0,13,0,Clothing,S
54,0,3.5,11,42,0,2,0,Sports,XS
10,0,4.4,5,21,0,1,0,Electronics,XS
10,13,1.1,13,21,0,1,0,Electronics,XXL
242,0,2.7,3,0,3,13,1,Sports,L
160,5,1.0,8,0,0,1,0,Beauty,XL
58,69,1.9,6,50,1,1,1,Electronics,NA
163,0,3.2,3,21,7,2,1,Electronics,XL
65,13,1.0,5,15,2,1,0,Electronics,L
169,0,2.5,5,0,9,25,1,Beauty,L
15,0,1.3,10,0,0,4,0,Clothing,M
144,0,4.5,3,0,0,1,0,Sports,S
70,0,4.5,8,0,0,29,1,Beauty,L
31,8,1.0,10,0,0,3,0,Home_Decor,L
120,0,2.0,7,6,0,5,0,Home_Decor,XXL
10,0,4.5,5,34,0,6,0,Beauty,M
10,5,3.2,7,36,1,2,0,Beauty,L
57,0,4.5,3,0,0,3,0,Clothing,L
74,32,2.5,15,69,0,12,1,Home_Decor,S
98,55,1.0,12,0,5,13,1,Sports,L
213,26,4.5,9,63,0,22,1,Electronics,M
148,1,1.1,8,0,0,9,0,Electronics,M
79,22,1.5,4,7,11,6,1,Clothing,M
66,0,4.0,4,0,0,9,0,Clothing,S
10,19,1.7,8,22,2,1,0,Home_Decor,M
95,62,2.0,6,23,1,2,1,Sports,L
61,0,1.0,14,48,0,1,0,Sports,M
212,0,1.0,10,0,10,30,1,Beauty,M
10,17,3.8,10,37,1,15,0,Clothing,XS
126,95,4.5,3,0,4,30,1,Electronics,S
95,0,1.1,9,4,0,1,0,Electronics,M
173,40,4.5,3,10,1,20,1,Home_Decor,M
79,0,1.0,13,0,0,1,0,Electronics,L
67,11,2.2,7,59,4,1,1,Sports,XL
132,48,4.5,3,0,4,30,1,Sports,S
27,7,1.0,12,46,0,1,0,Clothing,XS
36,0,1.0,13,1,0,1,1,Home_Decor,M
144,41,2.9,6,0,4,28,1,Electronics,M
47,2,2.5,6,0,0,2,0,Clothing,L
42,0,4.5,3,10,0,1,0,Beauty,XL
122,66,1.3,9,0,1,14,1,Beauty,XL
41,11,1.0,10,15,0,1,1,Electronics,S
115,5,3.6,4,19,0,1,1,Electronics,XL
71,27,1.0,10,29,0,1,1,Electronics,S
165,0,3.1,3,32,5,1,1,Sports,L
26,0,4.5,3,25,0,1,0,Electronics,L
10,30,2.9,9,5,0,5,0,Beauty,L
10,0,4.5,3,4,0,9,0,Electronics,S
122,49,1.8,5,28,1,1,1,Home_Decor,M
13,0,4.5,3,0,0,2,0,Beauty,M
42,45,3.6,11,80,3,8,1,Home_Decor,S
137,39,1.2,4,11,5,1,1,Beauty,XS
165,11,2.7,5,0,3,29,1,Clothing,L
215,0,1.0,3,0,0,1,0,Beauty,M
191,0,2.0,4,0,9,21,1,Beauty,L
10,24,1.0,10,16,2,1,0,Home_Decor,S
53,100,2.8,15,80,0,6,1,Home_Decor,XL
90,0,2.5,3,0,0,1,0,Beauty,S
38,88,4.3,3,71,0,1,1,Beauty,XL
10,0,3.6,5,57,0,1,0,Sports,M
93,0,1.3,7,28,0,1,1,Clothing,M
108,0,1.0,6,0,0,1,0,Clothing,XL
41,0,4.5,5,0,0,18,0,Electronics,S
59,43,2.3,9,44,0,1,1,Beauty,S
202,19,1.0,10,0,0,9,1,Beauty,M
89,0,3.5,8,19,0,9,0,Beauty,S
10,0,1.0,15,0,0,1,1,Beauty,M
10,13,1.0,12,41,0,1,0,Clothing,S
79,0,2.0,3,0,0,1,0,Home_Decor,XL
34,5,1.7,12,40,0,1,0,Sports,L
74,0,1.0,12,43,0,1,0,Home_Decor,XS
82,2,3.2,11,71,0,4,0,Home_Decor,XL
141,0,3.5,10,58,0,11,0,Clothing,M
157,0,1.0,5,0,0,1,0,Sports,M
10,0,3.3,3,16,0,1,0,Beauty,M
24,0,4.5,3,29,0,1,0,Clothing,L
10,8,3.5,6,47,0,1,0,Clothing,M
81,40,1.0,6,0,0,1,1,Sports,L
10,0,4.5,3,11,0,8,0,Electronics,S
127,47,4.4,3,25,1,6,1,Clothing,XXL
45,5,3.0,8,17,0,10,0,Home_Decor,L
32,1,2.7,3,0,0,1,0,Home_Decor,S
75,0,1.2,14,31,0,1,0,Beauty,L
72,62,1.2,15,54,0,1,1,Clothing,L
60,0,3.8,3,0,0,1,0,Beauty,S
10,86,1.0,15,63,0,1,1,Clothing,S
190,4,2.6,4,0,7,22,1,Sports,XS
10,0,4.5,3,8,0,12,0,Clothing,XL
159,0,1.3,6,18,6,1,0,Electronics,L
150,0,2.4,3,13,4,1,1,Home_Decor,M
217,32,4.5,3,76,0,16,1,Sports,S
10,0,1.0,7,0,0,1,1,Home_Decor,M
10,0,4.5,3,13,0,1,0,Beauty,M
201,18,2.1,6,0,2,20,1,Sports,L
179,17,1.0,5,27,1,1,1,Electronics,XXL
147,0,2.8,3,29,7,1,1,Home_Decor,M
10,0,1.4,8,35,0,1,0,Clothing,M
140,37,1.9,4,26,0,1,1,Clothing,M
162,61,1.5,8,34,0,1,1,Clothing,XL
10,0,3.1,4,0,0,1,0,Sports,S
58,0,1.9,9,10,0,1,1,Electronics,M
10,47,1.0,6,65,9,1,0,Electronics,L
10,0,4.5,3,19,0,1,0,Electronics,XS
10,0,3.6,3,28,0,1,0,Home_Decor,S
75,41,1.0,9,12,0,1,1,Sports,L
22,13,1.1,12,33,0,1,0,Clothing,S
10,0,3.8,3,12,0,1,0,Home_Decor,M
52,0,1.0,12,72,1,1,0,Electronics,M
136,32,4.5,3,48,2,1,1,Clothing,M
10,36,3.5,11,49,0,1,0,Sports,S
22,0,1.0,7,33,2,1,0,Beauty,XL
10,2,1.0,13,56,0,1,0,Electronics,XS
238,2,1.8,8,0,5,30,1,Electronics,L
99,0,3.0,10,59,0,4,1,Electronics,XS
42,14,1.6,14,22,0,1,1,Electronics,M
12,21,1.0,15,62,0,1,0,Clothing,S
214,3,2.0,3,0,5,15,1,Sports,S
71,37,2.5,5,17,0,1,1,Home_Decor,S
64,21,1.0,15,60,0,1,0,Clothing,M
63,0,4.5,11,42,0,8,0,Sports,M
112,47,2.2,6,24,5,10,1,Home_Decor,S
51,0,2.4,3,0,0,1,0,Electronics,XXL
52,0,3.1,6,20,0,1,0,Sports,S
150,69,3.5,6,4,0,20,1,Electronics,M
10,0,3.1,7,11,0,1,0,Sports,S
157,7,1.0,7,0,0,3,0,Beauty,M
103,0,2.2,3,5,0,1,0,Electronics,XL
117,87,1.9,14,0,1,30,1,Electronics,M
81,0,1.9,3,4,0,1,0,Electronics,S
10,3,1.0,14,0,0,1,1,Clothing,S
86,0,2.7,8,35,0,2,0,Home_Decor,XL
10,17,2.7,8,69,3,1,1,Electronics,S
91,18,1.1,9,24,0,1,1,Electronics,M
55,0,1.0,14,30,0,1,0,Clothing,S
53,0,3.4,3,14,0,1,0,Clothing,S
128,0,4.5,3,26,2,6,1,Beauty,S
142,1,2.2,7,0,6,23,1,Sports,XL
10,0,1.0,9,6,0,1,1,Electronics,L
10,21,1.0,15,0,0,1,1,Sports,L
25,0,1.2,15,30,0,1,0,Clothing,S
10,68,1.0,15,42,0,1,1,Clothing,M
178,3,1.0,3,0,0,1,0,Beauty,M
16,0,2.7,3,8,0,1,0,Home_Decor,L
88,0,4.5,3,0,0,1,0,Clothing,XS
10,0,4.2,7,46,0,1,0,Electronics,XXL
153,21,3.8,3,15,0,1,1,Beauty,M
207,13,1.0,9,47,0,1,1,Home_Decor,XL
151,0,1.5,7,0,0,12,0,Beauty,XS
115,0,3.1,4,22,0,1,1,Clothing,S
10,21,1.6,10,51,0,1,1,Home_Decor,S
71,0,3.5,8,7,0,8,0,Sports,XL
141,27,4.5,4,0,0,28,1,Home_Decor,M
17,0,1.8,11,59,0,1,0,Electronics,XL
66,0,1.7,9,32,0,1,0,Sports,XL
16,8,2.4,15,29,4,24,0,Sports,L
57,0,3.7,10,61,0,7,0,Electronics,L
108,0,1.0,7,0,0,1,0,Sports,L
65,0,2.2,3,4,0,1,0,Clothing,L
10,15,1.4,6,62,0,1,0,Home_Decor,M
127,53,4.5,3,6,0,17,1,Home_Decor,L
233,0,2.4,3,0,8,7,1,Electronics,XL
112,61,4.5,9,80,0,26,1,Clothing,M
192,0,2.2,3,25,5,1,1,Sports,XL
79,0,1.3,8,3,0,1,0,Home_Decor,XS
112,0,2.5,3,0,0,1,1,Home_Decor,M
92,0,4.5,7,55,0,2,0,Home_Decor,S
191,6,1.0,7,0,0,1,0,Home_Decor,S
10,0,4.5,3,30,0,1,0,Beauty,XL
72,51,2.2,12,80,4,2,0,Electronics,XL
102,19,1.0,5,0,0,1,0,Sports,XL
60,0,4.2,3,0,0,1,0,Sports,XXL
111,0,3.1,3,26,11,5,1,Electronics,S
10,59,1.0,15,31,0,1,1,Clothing,S
53,0,2.1,13,31,0,10,1,Electronics,M
10,35,1.0,5,13,0,1,0,Home_Decor,XL
80,29,1.1,3,6,0,1,1,Home_Decor,XS
10,0,4.5,3,14,0,1,0,Electronics,NA
64,0,2.5,3,0,0,1,0,Electronics,L
131,0,2.9,15,38,0,17,1,Sports,XXL
50,60,1.2,15,37,0,1,1,Sports,M
142,0,3.6,5,37,4,12,0,Beauty,M
153,18,1.1,10,27,5,10,1,Beauty,XL
245,0,3.2,3,0,0,1,1,Home_Decor,XL
68,11,3.8,6,79,3,3,1,Beauty,S
158,0,1.0,7,0,0,1,0,Beauty,XL
10,46,1.0,15,37,0,1,0,Clothing,XL
10,8,1.9,6,27,1,1,0,Electronics,XS
10,38,1.8,14,80,0,1,0,Sports,S
109,25,1.0,6,0,0,1,1,Beauty,M
156,24,3.2,3,24,2,1,1,Sports,M
86,40,2.8,5,0,7,21,1,Beauty,L
41,11,1.8,12,57,0,1,0,Beauty,XS
10,0,1.0,10,45,0,1,0,Home_Decor,L
104,0,1.1,11,41,0,1,0,Clothing,L
32,0,2.7,6,14,0,1,0,Electronics,S
36,6,3.2,9,47,0,1,0,Electronics,M
10,24,1.7,10,62,0,1,0,Home_Decor,S
87,0,2.5,8,14,0,5,0,Home_Decor,S
52,0,1.3,8,25,0,1,0,Electronics,L
146,2,1.0,8,0,0,1,0,Electronics,XXL
10,34,1.7,10,26,0,1,0,Clothing,S
79,4,2.6,8,43,0,2,0,Beauty,M
25,58,2.1,6,43,0,1,1,Clothing,S
110,5,1.8,3,25,7,1,1,Electronics,S
214,18,2.9,3,0,7,30,1,Beauty,M
10,34,1.4,14,0,0,18,0,Electronics,L
114,0,4.5,6,58,0,15,1,Clothing,XS
10,0,4.1,10,9,0,18,0,Clothing,XXL
44,0,4.5,3,57,0,1,0,Clothing,XS
10,0,4.5,3,21,0,4,0,Beauty,XL
114,0,2.2,3,0,0,1,0,Sports,XL
165,59,4.5,3,0,0,30,1,Sports,M
54,0,4.5,3,2,0,1,0,Electronics,S
76,0,1.0,10,0,2,1,0,Beauty,L
10,0,3.5,5,25,0,1,0,Home_Decor,L
94,34,2.5,4,40,0,1,1,Sports,XL
10,41,2.8,7,42,0,1,0,Beauty,L
92,20,1.0,4,3,1,1,0,Beauty,M
172,0,1.0,4,0,0,1,1,Sports,XL
10,0,4.2,5,10,0,1,0,Beauty,NA
110,60,1.0,14,2,10,1,0,Beauty,L
126,5,4.3,3,17,3,10,1,Sports,XL
147,86,3.1,10,0,5,30,1,Clothing,L
114,53,4.5,3,30,3,8,1,Electronics,L
65,0,3.6,5,1,0,10,0,Home_Decor,L
90,0,1.5,11,61,3,1,0,Electronics,L
214,0,4.2,3,0,4,30,1,Clothing,M
75,34,3.0,3,41,8,2,1,Clothing,L
92,7,4.4,8,56,0,13,1,Beauty,L
42,21,2.1,7,16,0,1,1,Electronics,M
62,0,2.4,7,15,0,1,0,Clothing,M
79,23,1.0,12,10,4,8,0,Electronics,XL
200,12,3.6,3,12,0,8,1,Clothing,L
63,0,1.7,3,0,0,1,0,Home_Decor,S
10,4,1.6,14,62,0,1,0,Clothing,XL
10,0,4.5,3,13,0,4,1,Electronics,XL
10,66,3.3,15,61,0,14,1,Beauty,M
71,0,3.4,6,46,0,1,1,Electronics,S
158,27,1.0,14,0,7,29,1,Sports,XL
10,0,4.5,3,49,0,8,0,Electronics,XL
136,32,4.5,13,80,0,19,1,Home_Decor,S
32,0,4.5,3,33,0,22,0,Home_Decor,XS
34,0,3.5,13,14,0,29,0,Home_Decor,M
101,53,4.5,3,24,0,2,1,Clothing,L
62,22,1.5,15,45,0,3,1,Home_Decor,S
207,28,4.5,3,0,3,30,1,Electronics,M
162,54,3.1,13,0,4,30,1,Beauty,M
10,7,3.8,3,33,0,1,0,Home_Decor,XL
84,61,1.0,15,9,8,10,0,Electronics,M
14,0,4.5,4,0,0,17,0,Clothing,M
32,1,1.0,12,56,1,1,0,Clothing,XXL
29,19,1.8,13,77,0,1,0,Beauty,S
11,4,1.0,14,22,0,1,0,Beauty,S
65,62,4.5,3,66,1,1,1,Electronics,XL
80,0,1.9,3,0,0,1,0,Beauty,S
253,62,4.5,3,65,0,13,1,Beauty,XL
10,0,4.5,4,0,0,12,0,Clothing,XS
77,0,4.3,5,31,0,9,1,Electronics,S
231,1,4.0,3,0,0,28,1,Beauty,XL
10,0,2.2,11,27,0,1,0,Electronics,M
149,0,1.2,4,33,5,1,1,Home_Decor,L
141,25,1.7,8,5,0,9,1,Clothing,S
111,0,1.3,6,0,0,1,0,Clothing,S
112,5,1.4,10,25,0,1,1,Clothing,XL
173,0,2.1,7,0,5,25,1,Sports,M
72,0,4.2,3,2,1,6,0,Electronics,M
10,100,1.1,10,80,0,1,1,Home_Decor,XS
10,0,2.3,7,9,0,1,1,Beauty,M
103,16,1.0,7,0,1,1,0,Home_Decor,XL
30,0,4.5,3,36,0,1,0,Electronics,XL
169,12,1.0,10,0,7,3,1,Clothing,L
194,0,2.7,4,20,0,1,1,Sports,L
47,33,1.8,7,26,3,1,0,Electronics,M
49,1,1.0,10,21,0,1,0,Electronics,M
10,0,3.7,4,20,0,1,0,Beauty,L
150,63,3.0,3,7,1,12,1,Home_Decor,S
62,26,3.7,14,78,0,10,0,Home_Decor,S
141,0,1.7,9,1,0,1,1,Beauty,XL
87,0,4.0,3,14,2,11,0,Sports,XS
135,0,3.1,6,13,0,4,1,Clothing,S
75,20,1.0,7,0,0,1,0,Clothing,L
192,0,1.0,6,0,0,1,0,Sports,L
128,0,1.5,8,23,2,2,0,Beauty,M
99,18,1.0,11,11,0,1,1,Electronics,M
10,27,1.0,15,41,0,1,1,Home_Decor,XXL
54,27,1.0,15,56,0,1,0,Electronics,L
117,26,1.7,10,62,3,1,1,Home_Decor,XL
33,0,4.5,3,26,0,1,0,Electronics,XS
53,54,3.5,5,17,8,23,1,Beauty,S
49,4,1.0,13,46,0,1,0,Beauty,M
158,44,1.0,10,0,6,1,0,Sports,S
145,0,2.6,3,0,11,22,1,Electronics,XS
144,0,4.5,3,0,7,30,1,Electronics,S
10,0,3.9,11,41,0,1,0,Sports,M
27,0,1.3,10,19,0,1,0,Sports,L
155,49,4.5,3,12,2,10,1,Beauty,XL
172,0,1.1,8,17,7,11,1,Beauty,XS
47,0,1.9,6,30,0,1,0,Electronics,M
157,0,1.0,3,0,0,1,0,Beauty,S
143,0,3.0,3,0,0,3,0,Beauty,M
184,5,2.8,3,0,4,5,1,Electronics,M
61,54,3.7,12,71,0,9,1,Sports,M
133,0,2.3,8,28,0,4,0,Electronics,XL
208,0,1.8,3,0,1,8,1,Clothing,XL
10,8,2.6,5,44,0,1,0,Electronics,L
175,64,4.5,3,0,2,30,1,Clothing,XL
101,13,1.2,14,72,2,3,0,Electronics,L
10,6,3.3,8,0,0,11,0,Clothing,XL
61,6,1.9,7,12,0,1,0,Clothing,L
178,51,4.2,3,24,0,1,1,Electronics,M
133,2,4.5,13,45,0,23,1,Beauty,L
35,1,3.6,3,18,0,1,0,Home_Decor,XS
14,60,1.0,15,52,0,1,1,Beauty,L
10,0,3.2,3,49,0,1,0,Clothing,XL
10,0,1.0,14,0,0,1,1,Electronics,L
12,0,2.8,3,2,0,1,0,Electronics,XS
127,15,1.0,12,0,12,24,1,Electronics,M
10,21,1.0,12,6,0,1,0,Electronics,XL
10,0,1.0,12,21,0,1,0,Home_Decor,XXL
138,0,1.5,3,0,0,1,0,Sports,M
131,38,1.0,3,0,0,1,0,Clothing,XL
106,44,1.4,8,0,7,21,1,Home_Decor,XL
78,1,3.4,12,53,0,8,0,Beauty,S
17,0,3.1,15,46,0,1,0,Sports,XL
89,29,2.1,3,38,2,1,0,Sports,M
138,88,3.4,3,45,0,1,1,Electronics,L
154,28,3.8,3,26,4,1,1,Home_Decor,M
33,0,1.0,7,8,0,1,1,Beauty,L
87,0,3.5,3,0,0,1,0,Electronics,L
10,59,1.8,4,58,5,1,1,Electronics,M
67,43,1.0,8,25,6,1,0,Clothing,XL
87,67,1.0,13,0,8,25,1,Sports,XL
188,21,3.0,3,0,4,17,1,Beauty,XL
150,0,3.9,8,51,0,10,0,Sports,M
221,20,4.5,3,33,0,6,1,Home_Decor,XS
39,97,1.5,15,71,0,1,1,Clothing,M
24,5,2.7,12,80,0,1,0,Electronics,XL
96,34,3.0,3,19,0,1,1,Clothing,S
10,22,1.4,11,11,1,3,0,Electronics,NA
150,19,3.1,3,0,5,17,1,Clothing,XL
65,64,2.5,8,46,3,7,1,Electronics,L
93,0,1.0,15,57,0,3,1,Sports,L
86,87,4.3,4,80,0,2,0,Sports,L
223,5,1.2,5,6,0,1,1,Sports,L
139,45,2.9,4,0,3,14,1,Sports,M
90,91,3.2,8,0,2,27,1,Clothing,XL
23,0,4.5,5,0,0,18,0,Electronics,L
145,60,4.5,3,6,0,24,1,Sports,XL
208,7,1.0,7,0,0,1,0,Clothing,XL
10,0,3.1,9,4,0,9,0,Electronics,XS
103,43,3.9,5,42,1,10,1,Clothing,XS
88,19,3.4,9,80,2,6,0,Sports,XL
167,47,3.5,3,22,4,1,1,Home_Decor,S
101,0,1.6,3,0,0,1,0,Clothing,L
118,24,1.0,11,0,10,28,1,Sports,M
172,2,1.0,7,18,6,1,1,Beauty,XS
10,4,1.0,8,40,0,1,0,Electronics,XS
94,26,1.0,4,32,8,1,1,Sports,XL
154,6,3.1,3,40,0,1,1,Beauty,L
76,28,4.5,12,80,0,13,0,Clothing,M
115,0,1.0,15,39,1,1,0,Clothing,XL
27,5,1.0,5,0,0,1,0,Beauty,S
10,71,3.0,3,57,0,1,1,Beauty,S
197,23,3.0,8,0,1,30,1,Electronics,XL
10,18,1.0,15,46,0,1,1,Clothing,XL
87,0,1.7,3,0,0,1,0,Beauty,M
67,3,3.5,8,19,0,7,1,Home_Decor,XXL
41,0,3.8,3,35,0,1,1,Home_Decor,XL
126,12,3.2,6,23,0,3,1,Beauty,XS
10,25,3.3,7,39,1,1,0,Electronics,S
10,0,1.1,15,22,0,1,1,Clothing,XL
83,0,2.6,9,0,0,7,1,Home_Decor,M
169,12,4.0,6,29,0,10,1,Beauty,XS
150,23,4.5,8,66,0,26,1,Beauty,XL
87,0,2.9,3,0,0,1,0,Sports,M
10,13,1.5,11,32,0,1,1,Beauty,M
162,0,3.8,3,0,11,26,1,Electronics,S
83,0,3.2,3,0,0,1,0,Home_Decor,L
10,61,2.6,15,80,0,1,0,Sports,L
117,55,4.5,3,2,0,24,1,Home_Decor,S
10,0,4.5,4,41,0,6,0,Home_Decor,M
10,0,1.0,15,18,0,1,1,Electronics,L
230,34,1.0,9,17,0,1,1,Beauty,XL
103,0,4.5,3,15,0,4,1,Electronics,XL
229,39,3.8,3,18,0,5,1,Beauty,S
81,0,2.4,10,24,0,5,0,Sports,L
192,0,2.0,7,0,6,30,1,Electronics,XL
134,30,3.4,3,21,0,1,1,Electronics,XL
10,33,1.0,15,42,0,1,1,Clothing,L
78,0,3.3,10,63,0,3,0,Electronics,XS
216,4,3.6,3,17,0,5,1,Clothing,XL
33,0,4.5,6,61,0,5,0,Beauty,S
14,0,2.9,6,17,0,1,0,Beauty,S
14,25,1.6,15,68,0,1,1,Beauty,L
62,100,4.5,3,0,0,28,1,Clothing,NA
10,0,2.0,13,20,0,2,1,Beauty,S
10,0,1.0,3,7,2,1,0,Home_Decor,L
162,5,4.5,3,0,7,30,1,Electronics,M
70,75,1.0,15,64,0,1,1,Clothing,XL
10,0,4.5,9,75,2,23,0,Beauty,L
233,33,1.8,6,18,0,5,1,Home_Decor,S
86,0,2.2,3,0,0,1,0,Electronics,S
75,76,2.2,10,73,0,1,1,Electronics,M
10,16,1.0,11,58,0,1,0,Beauty,S
45,43,2.6,10,41,0,1,1,Home_Decor,XS
10,51,1.3,3,38,0,1,1,Clothing,L
16,0,1.0,8,25,0,1,0,Beauty,M
74,66,2.7,11,13,2,23,1,Electronics,L
23,4,1.8,13,54,0,1,0,Electronics,S
166,13,4.3,3,0,6,28,1,Electronics,L
51,6,4.4,11,52,0,8,0,Beauty,M
10,0,3.2,7,58,3,1,0,Sports,XS
229,13,2.4,4,12,2,10,1,Sports,M
10,0,3.7,3,19,0,1,0,Sports,XS
10,0,4.3,3,32,0,1,0,Home_Decor,XL
23,0,4.4,3,0,0,1,0,Beauty,L
66,0,1.0,6,0,0,1,1,Electronics,L
91,22,2.9,3,43,1,1,1,Home_Decor,S
23,95,4.1,10,80,1,6,0,Sports,S
86,0,1.0,14,36,0,1,0,Clothing,M
87,7,1.0,8,6,0,1,1,Home_Decor,L
60,0,2.9,3,0,0,1,0,Home_Decor,S
10,54,1.5,15,58,0,1,1,Beauty,XS
10,0,4.5,3,47,0,1,0,Home_Decor,M
10,24,4.5,12,60,0,3,0,Beauty,M
49,48,1.2,10,26,0,1,1,Clothing,S
10,0,1.0,13,8,0,1,0,Electronics,M
116,0,3.5,8,0,0,14,0,Electronics,M
10,61,1.3,12,49,0,1,1,Sports,M
10,42,2.1,4,75,6,1,0,Sports,M
93,0,4.3,6,0,0,15,0,Clothing,L
87,0,1.0,10,0,0,1,1,Electronics,XS
100,63,4.3,5,0,5,30,1,Sports,S
177,50,1.0,8,2,2,6,1,Home_Decor,M
26,18,1.0,12,41,0,1,1,Beauty,M
10,16,2.4,5,62,3,1,0,Sports,M
119,0,1.8,3,0,0,1,0,Clothing,XL
105,55,2.8,5,17,4,11,1,Electronics,XL
171,2,4.5,11,68,0,24,0,Clothing,S
84,0,2.0,13,48,0,2,0,Beauty,XL
92,0,1.2,12,0,0,20,0,Beauty,M
194,13,4.2,3,0,0,20,1,Clothing,S
10,43,1.0,12,0,0,1,1,Sports,NA
187,0,2.4,3,0,3,13,1,Sports,XL
15,2,2.4,10,0,0,10,0,Electronics,NA
10,2,2.5,3,8,0,1,0,Electronics,S
143,38,2.3,4,26,3,4,1,Home_Decor,S
10,0,4.1,3,64,0,1,0,Home_Decor,M
32,0,1.0,13,46,0,1,0,Electronics,L
54,0,3.6,3,0,0,1,0,Home_Decor,S
44,56,1.0,15,66,0,3,1,Clothing,XL
44,44,2.0,7,47,0,1,1,Sports,M
137,0,3.8,9,38,0,13,0,Home_Decor,M
10,0,2.6,3,16,0,1,0,Home_Decor,L
23,19,3.0,4,49,1,1,1,Clothing,L
185,43,1.0,8,0,0,11,1,Beauty,XS
86,0,4.3,3,21,3,10,0,Electronics,NA
10,0,1.0,9,9,0,1,0,Clothing,M
61,0,2.4,7,0,0,6,0,Beauty,XS
174,16,1.0,10,0,0,1,0,Clothing,XL
10,39,1.0,13,56,0,1,0,Sports,NA
113,57,1.6,5,19,6,4,1,Clothing,XL
10,29,3.4,9,62,0,1,0,Clothing,XL
116,0,2.5,9,28,0,5,0,Sports,L
53,15,1.0,12,55,2,1,0,Electronics,XL
115,16,4.5,12,60,0,21,0,Beauty,XS
103,0,1.0,8,9,1,1,0,Home_Decor,XL
43,0,2.0,7,16,0,1,0,Electronics,L
81,0,2.6,3,25,0,1,0,Clothing,XS
41,56,1.0,12,36,0,1,1,Home_Decor,M
151,39,2.6,4,0,8,29,1,Sports,M
144,0,2.6,3,60,2,1,1,Electronics,L
87,0,1.9,3,0,0,1,0,Beauty,XS
57,39,3.1,15,72,0,13,1,Electronics,XL
221,0,4.5,3,25,0,17,1,Electronics,S
10,28,1.2,15,55,0,5,1,Home_Decor,M
103,40,3.8,3,50,3,1,1,Sports,XL
123,21,4.5,3,2,1,17,1,Sports,L
115,0,1.0,3,0,0,1,0,Electronics,M
14,40,1.0,15,80,0,1,1,Sports,XS
37,0,1.0,3,0,0,1,0,Home_Decor,L
109,0,1.0,6,0,0,1,0,Home_Decor,NA
10,0,2.5,3,0,0,1,0,Beauty,XL
136,39,4.5,3,18,3,17,1,Sports,L
131,45,2.3,12,56,0,3,1,Beauty,S
153,28,1.7,4,8,5,6,1,Clothing,S
13,1,2.0,7,31,0,1,0,Home_Decor,S
130,4,3.7,3,11,3,5,1,Electronics,M
10,19,4.5,9,46,0,21,0,Home_Decor,S
10,12,4.4,12,77,0,1,0,Clothing,S
65,52,1.3,12,21,6,15,1,Electronics,L
10,0,4.3,5,38,0,1,0,Sports,M
10,0,4.5,3,41,0,10,0,Sports,L
121,0,1.8,3,12,5,1,1,Home_Decor,XL
24,88,1.0,13,46,0,1,1,Electronics,L
10,39,1.8,15,80,0,1,0,Electronics,XL
10,2,3.6,12,30,0,14,0,Beauty,XL
10,60,1.0,8,26,1,1,1,Clothing,M
10,55,1.4,10,60,0,1,1,Sports,XS
201,58,3.9,5,0,0,25,1,Home_Decor,XS
20,5,1.0,9,24,0,1,0,Electronics,S
25,24,2.9,9,59,0,1,1,Sports,L
131,9,3.1,13,23,0,9,1,Home_Decor,XL
73,57,2.8,7,26,4,14,1,Sports,XXL
141,0,1.5,4,28,0,1,1,Home_Decor,XS
61,0,2.3,3,4,0,1,0,Sports,NA
176,22,3.5,3,0,4,24,1,Beauty,M
153,0,1.5,3,0,0,1,0,Clothing,XL
128,0,3.2,3,0,0,1,0,Sports,S
10,30,1.0,11,16,0,1,1,Clothing,XS
26,7,3.2,7,61,0,1,0,Sports,M
213,0,1.5,4,0,9,26,1,Electronics,XL
142,4,1.0,12,42,6,6,0,Beauty,S
10,0,3.6,3,0,0,1,0,Beauty,S
82,10,1.4,12,4,0,1,1,Clothing,XL
34,17,2.4,3,0,0,1,0,Electronics,XL
11,0,4.1,3,5,0,1,0,Home_Decor,XS
10,0,3.6,7,37,0,1,0,Beauty,L
10,21,3.8,4,34,0,1,0,Electronics,M
92,2,2.5,14,79,0,1,0,Electronics,M
10,0,1.0,10,32,0,1,0,Clothing,M
114,0,3.0,3,0,0,1,0,Electronics,M
10,45,1.0,15,34,0,1,1,Electronics,M
18,0,1.0,14,56,0,1,1,Home_Decor,L
77,54,3.9,8,77,0,7,1,Clothing,M
137,29,1.0,8,10,0,1,1,Clothing,L
60,0,1.0,8,24,3,1,0,Electronics,L
10,0,2.9,4,7,0,1,0,Home_Decor,M
68,51,3.3,3,54,2,1,1,Sports,S
130,80,1.0,13,61,0,1,1,Beauty,L
37,0,1.0,11,0,0,1,0,Clothing,XL
10,8,1.0,15,14,0,1,1,Home_Decor,L
116,0,4.2,9,57,0,15,0,Home_Decor,L
100,0,4.4,3,5,0,1,0,Electronics,S
178,19,1.4,7,15,0,2,1,Beauty,L
57,0,1.4,4,0,0,1,0,Clothing,M
43,0,2.9,12,67,1,8,1,Sports,XL
80,53,4.5,10,56,0,15,1,Electronics,L
17,13,1.9,12,56,0,1,0,Clothing,S
176,32,2.4,4,8,0,5,1,Clothing,M
137,69,1.0,15,3,2,5,1,Home_Decor,XL
43,17,2.9,15,67,0,1,0,Beauty,M
128,44,1.0,13,0,1,6,0,Sports,M
59,4,2.2,6,38,3,1,0,Beauty,L
163,81,3.3,7,2,0,24,1,Home_Decor,XL
170,5,2.9,3,0,2,15,0,Sports,S
188,0,1.2,5,17,4,1,1,Sports,L
153,0,2.8,3,0,0,1,0,Electronics,XL
124,26,3.0,4,28,0,1,1,Sports,XXL
28,28,1.0,3,41,3,1,0,Clothing,L
10,13,1.5,3,25,0,1,0,Beauty,NA
133,59,1.0,13,0,2,22,1,Beauty,L
15,14,2.5,11,80,0,1,0,Electronics,M
13,11,1.0,8,7,0,1,1,Sports,L
122,94,1.1,15,0,0,30,1,Home_Decor,S
10,27,1.8,9,47,0,1,0,Clothing,M
179,0,1.0,3,0,0,1,0,Electronics,M
106,0,1.0,3,0,0,1,0,Sports,XL
10,5,1.0,14,32,0,1,0,Home_Decor,XL
171,0,2.2,3,30,4,1,1,Sports,L
117,38,2.4,3,46,1,1,1,Electronics,M
10,0,4.5,6,18,0,6,0,Home_Decor,S
165,10,1.3,7,0,6,15,1,Home_Decor,M
110,100,4.1,8,0,0,30,1,Home_Decor,L
93,39,1.2,13,79,2,1,1,Home_Decor,S
59,0,2.4,8,30,0,1,0,Sports,M
140,0,1.2,9,28,3,2,1,Home_Decor,M
144,0,3.0,3,7,0,4,1,Sports,XL
164,0,1.0,9,16,3,1,1,Home_Decor,XL
52,9,1.0,13,42,0,1,0,Home_Decor,L
10,47,1.0,15,17,0,1,1,Electronics,M
14,0,2.1,5,17,0,1,0,Sports,M
180,0,4.5,3,0,8,20,1,Sports,S
10,23,1.0,10,18,4,1,1,Beauty,S
64,67,3.0,6,50,0,1,1,Electronics,S
64,73,1.9,15,66,0,1,1,Sports,S
80,6,2.3,12,52,0,5,0,Electronics,S
77,0,4.5,4,15,0,10,0,Electronics,S
57,11,3.1,4,51,2,1,0,Electronics,S
10,47,1.0,7,34,2,1,1,Clothing,L
10,0,4.5,3,45,0,1,0,Sports,NA
10,0,4.2,3,1,0,1,0,Electronics,XL
41,0,4.5,3,0,0,1,0,Clothing,XS
141,43,1.1,6,30,4,1,1,Clothing,M
140,3,1.9,12,80,7,10,0,Home_Decor,XL
10,100,1.0,13,49,0,1,1,Home_Decor,S
93,0,1.0,10,4,5,1,0,Sports,XL
19,0,3.4,4,2,0,1,0,Home_Decor,L
116,0,3.3,3,34,5,1,1,Sports,XL
66,0,1.0,11,16,0,1,1,Clothing,XL
74,0,3.5,3,0,0,1,0,Clothing,L
